Age,Gender,Smoking,Hx Smoking,Hx Radiothreapy,Thyroid Function,Physical Examination,Adenopathy,Pathology,Focality,Risk,T,N,M,Stage,Response
62.0,1,0,0,0,4,2,5,2,1,0,0,2,0,1,1
82.0,0,1,0,0,4,0,2,0,0,0,1,1,0,0,1
32.0,0,0,1,0,4,3,0,0,1,0,1,1,0,1,1
26.0,1,0,0,0,4,1,4,0,0,0,5,1,0,1,1
80.0,1,1,0,0,4,2,1,0,1,0,3,1,0,0,1
40.0,0,1,0,0,4,3,0,0,1,0,2,1,0,1,1
33.0,1,0,0,0,4,2,1,0,1,0,3,1,0,1,3
58.0,1,0,0,0,0,3,4,0,1,0,1,1,0,0,1
71.0,1,1,0,0,4,0,5,2,1,1,4,2,1,4,1
26.0,1,0,0,0,4,0,2,0,0,0,3,1,1,1,1
56.0,1,0,0,0,4,3,3,0,1,1,4,1,0,0,1
72.0,0,1,1,1,4,2,1,0,0,1,6,1,1,4,3
35.0,1,0,0,0,4,3,1,0,1,0,0,1,0,1,1
80.0,0,1,0,0,4,0,5,1,1,0,4,2,0,0,1
63.0,0,1,0,0,4,2,1,0,1,0,3,1,0,0,1
21.0,1,0,0,0,4,2,1,0,0,2,2,1,0,1,1
49.0,0,0,0,0,4,3,0,0,1,1,4,1,0,1,1
30.0,1,0,0,0,4,3,1,0,0,0,3,1,0,1,1
56.0,1,0,0,0,4,0,5,2,1,2,3,2,0,1,1
60.0,1,0,0,0,4,2,1,0,1,0,2,1,0,0,1
64.0,1,0,1,0,4,3,5,2,1,1,4,2,1,4,1
15.0,1,0,0,0,4,1,0,0,1,0,3,1,0,1,1
27.0,0,0,0,0,4,3,0,0,1,0,3,1,0,1,1
38.0,0,1,1,0,4,3,1,0,1,0,2,1,0,1,1
34.0,1,0,0,0,4,2,1,0,0,0,2,1,0,1,1
17.0,1,0,0,0,4,2,5,0,0,1,2,2,0,1,1
45.0,1,0,0,0,4,0,2,0,1,0,3,1,0,1,1
27.0,1,0,0,0,4,2,0,0,0,0,3,1,0,1,1
31.0,1,0,0,0,4,0,2,0,0,0,2,1,0,1,1
80.0,1,1,1,0,4,3,1,0,0,1,4,1,0,2,1
68.0,1,0,0,0,4,3,0,0,1,1,4,1,1,4,1
42.0,0,0,0,0,4,2,5,0,1,2,3,2,0,1,1
38.0,1,0,0,0,4,0,3,0,1,1,3,1,1,0,1
81.0,0,1,0,1,4,3,4,0,1,1,6,1,1,4,1
62.0,1,0,0,0,4,3,1,0,1,0,3,1,0,0,1
36.0,1,0,0,0,4,3,5,0,1,2,0,2,0,1,0
18.0,1,0,0,0,4,2,1,0,0,0,0,1,0,1,1
35.0,1,0,0,0,4,2,1,0,1,0,3,0,0,1,3
53.0,0,0,0,0,4,3,0,0,1,0,3,1,0,1,1
67.0,0,1,1,0,4,3,0,0,0,0,3,2,0,0,3
30.0,1,0,0,0,4,3,0,0,1,0,3,1,0,1,1
48.0,1,0,0,0,4,3,0,0,1,0,3,1,0,1,1
29.0,1,0,0,0,4,3,1,0,1,0,3,1,0,1,1
34.0,1,0,0,0,4,3,1,0,0,1,4,1,0,1,1
33.0,0,0,0,0,4,3,5,0,0,2,2,2,0,1,1
51.0,1,0,0,0,4,0,5,2,0,0,3,2,0,1,1
25.0,1,0,0,0,4,3,2,0,1,0,1,1,0,1,1
21.0,1,0,0,0,4,0,2,0,0,0,2,1,0,1,1
36.0,1,0,0,0,4,0,2,0,1,0,3,1,0,1,0
63.0,1,0,0,0,4,2,5,2,0,0,3,2,0,0,0
22.0,1,0,0,0,4,3,1,0,1,0,1,0,0,1,1
36.0,0,0,0,0,1,3,5,0,0,0,2,0,0,1,0
20.0,0,0,0,0,4,2,1,0,0,2,2,2,0,1,1
59.0,1,0,0,0,4,3,0,0,1,1,6,1,0,4,1
51.0,1,0,0,0,4,3,5,0,1,1,4,0,1,0,1
32.0,1,0,0,0,4,0,2,0,1,0,3,1,0,1,1
71.0,0,1,1,0,0,3,0,0,1,1,4,1,0,2,1
62.0,1,0,0,0,2,3,5,0,0,2,2,2,0,1,3
35.0,1,0,0,0,4,3,4,0,1,1,4,1,0,1,1
67.0,1,0,0,0,4,2,1,0,1,1,4,1,0,2,1
72.0,0,1,1,0,4,3,0,0,1,1,6,1,1,4,1
40.0,1,0,0,0,4,2,1,0,1,0,3,1,0,1,1
40.0,0,1,0,0,4,3,0,0,1,1,6,1,0,1,1
75.0,0,1,0,1,4,0,5,2,1,1,2,2,1,4,1
67.0,1,0,0,0,4,3,5,1,0,0,3,2,0,0,0
35.0,0,1,0,0,4,0,2,0,1,1,1,1,1,0,1
79.0,0,1,0,0,4,3,0,0,1,0,3,1,0,0,0
59.0,0,1,1,0,2,3,5,1,1,0,1,2,0,1,1
31.0,1,0,0,0,4,3,0,0,1,0,3,1,0,1,1
31.0,1,0,0,0,4,0,2,0,0,0,1,1,0,1,2
56.0,0,0,0,0,4,3,5,0,0,2,2,2,0,1,3
65.0,1,0,1,0,4,3,0,0,1,0,3,1,0,0,3
67.0,0,1,0,0,4,3,0,0,1,1,6,1,0,3,1
37.0,1,0,0,0,0,0,5,0,1,0,1,0,1,0,1
