Age,BMI,Glucose,Insulin,HOMA,Leptin,Adiponectin,Resistin,MCP1
40.0,30.83653,128.0,41.894,13.227332,31.0385,6.160995,17.55503,638.261
45.0,20.26,92.0,3.44,0.7806507,7.65,16.67,7.84,193.87
64.0,22.222221,98.0,5.7,1.37788,12.1905,4.783985,13.91245,395.976
57.0,34.838146,95.0,12.548,2.9404147,33.1612,2.36495,9.9542,655.834
68.0,21.082813,102.0,6.2,1.55992,9.6994,8.574655,13.74244,448.799
49.0,20.956608,94.0,12.305,2.8531194,11.2406,8.412175,23.1177,573.63
51.0,22.89282,103.0,2.74,0.6961427,8.0163,9.349775,11.55492,359.232
60.0,31.23141,131.0,30.13,9.736008,37.843,8.40443,11.50005,396.021
54.0,36.05,119.0,11.91,3.495982,89.27,8.01,5.06,218.28
45.0,29.384756,90.0,4.713,1.046286,23.8479,6.644245,15.55625,621.273
45.0,20.829996,74.0,4.56,0.832352,7.7529,8.237405,28.0323,382.955
48.0,28.125,90.0,2.54,0.56388,15.5325,10.22231,16.11032,1698.44
73.0,37.109375,134.0,5.636,1.8628858,41.4064,3.335665,6.89235,788.902
44.0,19.56,114.0,15.89,4.468268,13.08,20.37,4.62,220.66
49.0,21.367521,78.0,2.64,0.507936,6.3339,3.886145,22.94254,737.672
62.0,26.84,100.0,4.53,1.1174,12.45,21.42,7.32,330.16
86.0,27.18,138.0,19.91,6.777364,90.28,14.11,4.35,90.09
72.0,25.59,82.0,2.82,0.570392,24.96,33.75,3.27,392.46
54.0,24.21875,86.0,3.73,0.7912573,8.6874,3.70523,10.34455,635.049
42.0,29.296875,98.0,4.172,1.0085114,12.2617,6.695585,53.6717,1041.843
86.0,26.666666,201.0,41.611,20.630733,47.647,5.357135,24.3701,1698.44
46.0,20.83,88.0,3.42,0.742368,12.87,18.55,13.56,301.21
34.0,24.242424,92.0,21.699,4.9242263,16.7353,21.823746,12.06534,481.949
71.0,27.91552,104.0,18.2,4.6689067,53.4997,1.65602,49.24184,256.001
40.0,27.636055,103.0,2.432,0.6178901,14.3224,6.78387,26.0136,293.123
65.0,30.915577,97.0,10.491,2.5101466,44.0217,3.71009,20.4685,396.648
45.0,23.140495,116.0,4.902,1.4026256,17.9973,4.294705,5.2633,518.586
52.0,30.801249,87.0,30.212,6.483495,29.2739,6.26854,24.24591,764.667
59.0,28.672626,77.0,3.188,0.6055075,17.022,16.44048,31.6904,910.489
41.0,26.672764,97.0,22.033,5.2717624,44.7059,13.494865,27.8325,783.796
81.0,31.640368,100.0,9.669,2.38502,38.8066,10.636525,29.5583,426.175
44.0,24.74,106.0,58.46,15.285341,18.16,16.1,5.31,244.75
72.0,23.62,105.0,4.42,1.14478,21.78,17.86,4.82,195.94
48.0,32.46191,99.0,28.677,7.0029235,46.076,21.57,10.15726,738.034
44.0,27.887617,99.0,9.208,2.2485936,12.6757,5.47817,23.03306,407.206
55.0,31.975016,92.0,16.635,3.775036,37.2234,11.018455,7.16514,483.377
