age,sex,steroid,antivirals,fatigue,malaise,anorexia,liver_big,liver_firm,spleen_palpable,spiders,ascites,varices,bilirubin,alk_phosphate,sgot,albumin,protime,histology
48.0,0.0,0.0,1.0,0.0,0.0,1.0,1.0,0.0,1.0,0.0,0.0,0.0,4.8,123.0,157.0,2.7,31.0,1.0
33.0,0.0,0.0,1.0,0.0,0.0,1.0,1.0,1.0,1.0,1.0,0.0,1.0,0.7,63.0,80.0,3.0,31.0,1.0
47.0,0.0,1.0,1.0,0.0,0.0,1.0,1.0,0.0,1.0,1.0,0.0,0.0,1.7,86.0,20.0,2.1,46.0,1.0
41.0,0.0,1.0,1.0,0.0,1.0,1.0,1.0,0.0,0.0,0.0,1.0,0.0,4.2,65.0,120.0,3.4,60.0,1.0
61.0,0.0,0.0,1.0,0.0,0.0,1.0,1.0,1.0,1.0,0.0,1.0,1.0,1.3,107.0,98.0,3.7,59.0,1.0
54.0,0.0,0.0,1.0,0.0,0.0,1.0,1.0,1.0,0.0,1.0,0.0,1.0,3.9,120.0,28.0,3.5,43.0,1.0
47.0,0.0,1.0,1.0,0.0,0.0,1.0,1.0,0.0,1.0,0.0,0.0,0.0,1.0,166.0,30.0,2.6,31.0,1.0
59.0,0.0,0.0,1.0,0.0,0.0,1.0,1.0,0.0,0.0,0.0,1.0,1.0,1.5,107.0,157.0,3.6,38.0,1.0
50.0,0.0,1.0,1.0,0.0,1.0,1.0,1.0,0.0,0.0,1.0,0.0,0.0,2.8,155.0,75.0,2.4,32.0,1.0
35.0,0.0,0.0,1.0,0.0,1.0,1.0,1.0,1.0,0.0,0.0,0.0,1.0,1.5,138.0,58.0,2.6,59.0,1.0
38.0,0.0,0.0,1.0,1.0,1.0,1.0,1.0,0.0,1.0,1.0,1.0,1.0,0.4,243.0,49.0,3.8,90.0,1.0
34.0,0.0,0.0,1.0,0.0,0.0,1.0,0.0,0.0,1.0,0.0,1.0,1.0,2.8,127.0,182.0,3.5,56.0,0.0
39.0,0.0,0.0,0.0,0.0,0.0,1.0,1.0,0.0,1.0,1.0,1.0,1.0,2.3,280.0,98.0,3.8,40.0,0.0
62.0,0.0,0.0,1.0,0.0,0.0,1.0,1.0,1.0,1.0,1.0,1.0,1.0,1.0,106.0,60.0,3.7,60.0,0.0
42.0,0.0,0.0,0.0,0.0,0.0,1.0,1.0,1.0,1.0,0.0,1.0,1.0,0.5,62.0,68.0,3.8,29.0,1.0
45.0,0.0,1.0,1.0,0.0,0.0,0.0,1.0,1.0,1.0,0.0,0.0,1.0,1.9,108.0,114.0,2.4,59.0,1.0
44.0,0.0,0.0,1.0,0.0,0.0,1.0,1.0,1.0,0.0,1.0,1.0,0.0,0.9,135.0,55.0,3.7,41.0,1.0
70.0,0.0,0.0,1.0,0.0,0.0,0.0,1.0,1.0,1.0,1.0,1.0,1.0,1.7,109.0,528.0,2.8,35.0,1.0
31.0,0.0,0.0,1.0,0.0,0.0,0.0,1.0,1.0,0.0,1.0,1.0,1.0,8.0,107.0,101.0,2.2,59.0,1.0
