male,age,education,currentSmoker,cigsPerDay,BPMeds,prevalentStroke,prevalentHyp,diabetes,totChol,sysBP,diaBP,BMI,heartRate,glucose
0.0,55.0,2.0,1.0,20.0,0.0,0.0,0.0,0.0,250.0,138.0,87.0,25.33,95.0,85.0
1.0,39.0,2.0,1.0,30.0,0.0,0.0,1.0,0.0,292.0,153.0,100.0,28.09,110.0,69.0
0.0,64.0,1.0,0.0,0.0,0.0,0.0,1.0,0.0,372.0,169.0,85.0,26.01,75.0,79.0
0.0,62.0,1.0,0.0,0.0,0.0,0.0,0.0,0.0,266.0,124.0,69.0,22.9,66.0,82.0
0.0,56.0,1.0,0.0,0.0,0.0,0.0,1.0,1.0,273.0,136.0,80.0,27.73,90.0,210.0
0.0,62.0,2.0,0.0,0.0,1.0,0.0,1.0,0.0,298.0,248.0,130.0,37.1,96.0,77.0
1.0,52.0,1.0,1.0,20.0,0.0,0.0,0.0,0.0,225.0,126.0,75.0,22.18,85.0,100.0
1.0,50.0,1.0,1.0,9.0,0.0,0.0,0.0,0.0,206.0,140.0,92.0,28.21,85.0,83.0
0.0,66.0,1.0,0.0,0.0,0.0,0.0,1.0,0.0,275.0,132.5,85.0,34.36,70.0,86.0
0.0,62.0,1.0,0.0,0.0,0.0,0.0,1.0,0.0,174.0,166.0,89.0,31.44,83.0,94.0
0.0,43.0,2.0,1.0,20.0,0.0,0.0,0.0,0.0,163.0,104.5,65.0,17.84,75.0,71.0
0.0,49.0,1.0,0.0,0.0,0.0,0.0,0.0,0.0,211.0,103.5,66.5,24.17,75.0,87.0
1.0,38.0,3.0,0.0,0.0,0.0,0.0,0.0,0.0,305.0,130.0,95.0,23.1,65.0,78.0
1.0,51.0,1.0,1.0,30.0,0.0,0.0,0.0,0.0,240.0,127.0,80.0,28.85,70.0,67.0
0.0,40.0,1.0,0.0,0.0,0.0,0.0,0.0,0.0,144.0,122.5,80.0,27.46,72.0,123.0
0.0,59.0,1.0,0.0,0.0,0.0,0.0,0.0,0.0,250.0,127.5,80.0,29.16,92.0,108.0
0.0,52.0,1.0,0.0,0.0,1.0,0.0,1.0,0.0,239.0,148.0,92.0,25.09,70.0,83.0
0.0,63.0,1.0,1.0,3.0,0.0,0.0,1.0,0.0,267.0,156.5,92.5,27.1,60.0,79.0
1.0,51.0,1.0,1.0,30.0,0.0,0.0,0.0,0.0,241.0,126.5,78.5,29.91,85.0,70.0
1.0,42.0,3.0,1.0,43.0,0.0,0.0,1.0,0.0,272.0,128.0,83.0,33.26,80.0,63.0
1.0,65.0,4.0,1.0,25.0,0.0,0.0,0.0,0.0,215.0,147.5,95.0,29.08,82.0,88.0
0.0,64.0,2.0,1.0,3.0,0.0,0.0,0.0,0.0,221.0,148.0,85.0,26.34,90.0,80.0
1.0,60.0,1.0,1.0,20.0,0.0,0.0,0.0,0.0,260.0,127.5,72.5,25.06,65.0,75.0
0.0,62.0,2.0,0.0,0.0,0.0,0.0,1.0,0.0,276.0,185.0,95.0,26.21,80.0,110.0
0.0,59.0,1.0,0.0,0.0,1.0,0.0,1.0,0.0,234.0,181.0,107.0,39.4,80.0,90.0
0.0,56.0,1.0,1.0,9.0,0.0,0.0,1.0,0.0,320.0,142.0,84.0,27.9,74.0,95.0
0.0,51.0,3.0,1.0,10.0,0.0,0.0,0.0,0.0,234.0,98.0,68.0,18.8,79.0,76.0
0.0,59.0,1.0,0.0,0.0,0.0,0.0,0.0,0.0,254.0,116.0,71.0,25.48,75.0,98.0
0.0,48.0,1.0,0.0,0.0,0.0,0.0,0.0,0.0,227.0,100.0,76.0,29.45,75.0,67.0
0.0,46.0,1.0,1.0,7.0,1.0,0.0,1.0,0.0,280.0,202.0,124.0,28.06,66.0,63.0
0.0,40.0,2.0,1.0,20.0,0.0,0.0,0.0,0.0,271.0,138.5,88.0,27.24,80.0,80.0
1.0,62.0,1.0,1.0,20.0,0.0,0.0,1.0,1.0,194.0,151.5,88.0,21.61,75.0,105.0
0.0,55.0,1.0,0.0,0.0,0.0,0.0,1.0,0.0,180.0,165.0,88.0,22.57,68.0,77.0
1.0,65.0,1.0,0.0,0.0,0.0,0.0,1.0,1.0,240.0,235.0,100.0,31.85,68.0,297.0
0.0,67.0,2.0,0.0,0.0,1.0,0.0,1.0,1.0,303.0,204.0,96.0,27.86,75.0,394.0
0.0,63.0,1.0,0.0,0.0,0.0,0.0,1.0,0.0,320.0,155.0,81.0,31.71,64.0,80.0
1.0,67.0,1.0,0.0,0.0,0.0,0.0,0.0,0.0,214.0,127.5,80.0,22.11,69.0,84.0
0.0,52.0,1.0,0.0,0.0,0.0,0.0,0.0,0.0,243.0,129.0,80.0,28.06,90.0,86.0
1.0,52.0,1.0,0.0,0.0,0.0,0.0,1.0,1.0,258.0,177.0,111.0,30.38,80.0,270.0
1.0,41.0,2.0,1.0,43.0,0.0,0.0,0.0,0.0,249.0,125.0,87.0,27.13,75.0,81.0
1.0,65.0,1.0,1.0,20.0,1.0,0.0,1.0,0.0,246.0,179.0,96.0,19.34,95.0,76.0
0.0,63.0,3.0,0.0,0.0,0.0,0.0,1.0,0.0,380.0,175.0,78.0,20.15,68.0,95.0
0.0,44.0,2.0,1.0,10.0,0.0,0.0,0.0,0.0,221.0,110.0,76.0,22.16,64.0,83.0
1.0,39.0,4.0,1.0,15.0,0.0,0.0,0.0,0.0,232.0,115.0,72.5,30.22,90.0,105.0
0.0,56.0,1.0,1.0,10.0,1.0,0.0,1.0,1.0,241.0,174.0,97.0,29.22,90.0,135.0
1.0,42.0,3.0,1.0,30.0,0.0,0.0,0.0,0.0,240.0,133.5,97.5,28.94,86.0,73.0
1.0,61.0,1.0,0.0,0.0,1.0,0.0,1.0,1.0,270.0,177.5,95.0,28.15,62.0,123.0
1.0,58.0,2.0,1.0,20.0,0.0,0.0,0.0,0.0,220.0,129.0,82.0,26.33,72.0,80.0
1.0,60.0,4.0,1.0,30.0,0.0,0.0,0.0,0.0,243.0,126.0,79.0,28.57,80.0,65.0
1.0,52.0,1.0,0.0,0.0,0.0,0.0,0.0,1.0,232.0,130.0,74.0,32.52,95.0,248.0
0.0,47.0,2.0,1.0,20.0,0.0,0.0,1.0,1.0,211.0,159.5,82.5,34.08,86.0,250.0
1.0,45.0,1.0,1.0,20.0,0.0,0.0,0.0,0.0,264.0,118.5,81.0,26.35,75.0,90.0
1.0,51.0,3.0,1.0,20.0,0.0,0.0,1.0,0.0,260.0,123.0,72.0,26.83,65.0,65.0
0.0,60.0,1.0,0.0,0.0,0.0,0.0,1.0,0.0,170.0,146.0,89.0,32.41,68.0,81.0
1.0,62.0,4.0,0.0,0.0,0.0,0.0,1.0,0.0,240.0,152.0,95.0,25.37,63.0,70.0
0.0,58.0,1.0,0.0,0.0,0.0,1.0,1.0,1.0,267.0,157.0,94.0,33.32,92.0,205.0
0.0,46.0,1.0,1.0,40.0,0.0,0.0,0.0,0.0,253.0,118.0,74.0,26.42,75.0,64.0
1.0,60.0,1.0,1.0,20.0,1.0,0.0,1.0,0.0,269.0,170.0,100.0,29.59,60.0,83.0
0.0,53.0,1.0,0.0,0.0,0.0,0.0,0.0,0.0,265.0,132.0,80.0,26.25,67.0,76.0
1.0,60.0,1.0,0.0,0.0,0.0,0.0,0.0,0.0,266.0,115.5,82.5,23.68,82.0,83.0
1.0,41.0,4.0,1.0,40.0,0.0,0.0,0.0,0.0,254.0,141.0,100.0,27.68,110.0,81.0
0.0,47.0,2.0,1.0,30.0,0.0,0.0,0.0,0.0,198.0,143.0,87.0,20.86,85.0,79.0
0.0,55.0,1.0,0.0,0.0,0.0,0.0,1.0,0.0,208.0,190.0,130.0,56.8,90.0,86.0
0.0,59.0,2.0,1.0,15.0,0.0,0.0,1.0,0.0,167.0,156.0,104.0,15.96,72.0,45.0
0.0,48.0,1.0,1.0,20.0,0.0,0.0,0.0,0.0,232.0,117.5,67.5,28.62,75.0,68.0
0.0,47.0,1.0,1.0,20.0,0.0,0.0,0.0,0.0,304.0,110.0,72.0,20.88,85.0,75.0
1.0,62.0,1.0,0.0,0.0,0.0,0.0,0.0,0.0,252.0,156.5,93.0,28.65,88.0,97.0
1.0,59.0,2.0,0.0,0.0,0.0,0.0,0.0,0.0,237.0,131.5,84.0,24.17,90.0,94.0
1.0,39.0,2.0,0.0,0.0,0.0,0.0,1.0,0.0,285.0,155.0,110.0,32.51,84.0,70.0
1.0,43.0,1.0,1.0,30.0,0.0,0.0,0.0,0.0,252.0,112.0,78.0,24.25,90.0,65.0
1.0,41.0,2.0,1.0,20.0,0.0,0.0,1.0,0.0,236.0,127.0,84.0,31.12,80.0,83.0
0.0,55.0,1.0,0.0,0.0,0.0,0.0,0.0,0.0,286.0,138.0,82.0,24.27,80.0,90.0
1.0,47.0,1.0,1.0,30.0,0.0,0.0,0.0,0.0,210.0,112.0,66.0,24.58,70.0,84.0
0.0,64.0,1.0,0.0,0.0,0.0,0.0,1.0,0.0,253.0,295.0,135.0,38.82,92.0,70.0
0.0,49.0,3.0,1.0,10.0,0.0,0.0,0.0,0.0,260.0,123.0,80.0,23.1,63.0,65.0
1.0,52.0,4.0,1.0,30.0,0.0,0.0,0.0,0.0,346.0,133.0,96.0,25.95,65.0,126.0
1.0,58.0,1.0,0.0,0.0,0.0,0.0,0.0,0.0,200.0,128.0,83.0,29.63,68.0,80.0
1.0,48.0,1.0,1.0,30.0,0.0,0.0,1.0,0.0,215.0,133.0,90.0,27.24,75.0,50.0
0.0,65.0,2.0,0.0,0.0,0.0,0.0,1.0,0.0,240.0,155.0,84.0,29.93,92.0,91.0
0.0,38.0,2.0,1.0,20.0,0.0,0.0,1.0,0.0,221.0,140.0,90.0,21.35,95.0,70.0
0.0,47.0,3.0,0.0,0.0,0.0,0.0,0.0,0.0,230.0,137.0,79.0,27.13,75.0,76.0
1.0,51.0,4.0,0.0,0.0,0.0,0.0,1.0,0.0,200.0,115.0,76.0,31.04,78.0,82.0
0.0,49.0,1.0,0.0,0.0,1.0,0.0,1.0,0.0,184.0,121.0,82.0,21.14,60.0,78.0
1.0,38.0,4.0,1.0,10.0,0.0,0.0,0.0,0.0,168.0,113.0,69.5,23.68,58.0,75.0
1.0,49.0,2.0,0.0,0.0,0.0,0.0,0.0,0.0,215.0,132.0,85.0,33.14,81.0,75.0
0.0,67.0,1.0,0.0,0.0,1.0,0.0,1.0,0.0,263.0,201.0,93.0,30.04,75.0,78.0
1.0,62.0,3.0,0.0,0.0,0.0,0.0,0.0,1.0,346.0,102.5,66.5,17.17,80.0,394.0
0.0,51.0,2.0,1.0,20.0,0.0,0.0,0.0,0.0,326.0,112.0,83.0,20.82,104.0,70.0
1.0,38.0,2.0,1.0,20.0,0.0,0.0,1.0,0.0,253.0,133.0,92.0,28.82,80.0,63.0
1.0,47.0,2.0,0.0,0.0,0.0,0.0,0.0,0.0,237.0,142.0,96.0,28.21,75.0,82.0
1.0,42.0,1.0,1.0,20.0,0.0,0.0,0.0,0.0,234.0,103.0,71.0,21.88,68.0,82.0
1.0,58.0,4.0,0.0,0.0,0.0,0.0,1.0,0.0,320.0,139.0,81.5,23.65,80.0,82.0
1.0,49.0,3.0,0.0,0.0,0.0,0.0,1.0,0.0,267.0,160.5,109.0,28.33,70.0,75.0
1.0,59.0,3.0,1.0,20.0,0.0,0.0,0.0,0.0,238.0,112.5,75.5,26.42,58.0,67.0
0.0,61.0,1.0,1.0,20.0,0.0,0.0,1.0,0.0,245.0,140.0,73.0,30.74,90.0,91.0
1.0,42.0,1.0,1.0,20.0,0.0,0.0,0.0,0.0,225.0,110.0,80.0,22.51,65.0,77.0
1.0,48.0,4.0,0.0,0.0,0.0,0.0,1.0,0.0,293.0,149.0,100.0,31.61,87.0,76.0
0.0,58.0,2.0,0.0,0.0,0.0,0.0,1.0,0.0,312.0,161.0,100.5,21.51,75.0,64.0
0.0,49.0,1.0,1.0,7.0,0.0,0.0,1.0,0.0,214.0,172.0,111.0,40.51,80.0,70.0
1.0,51.0,1.0,0.0,0.0,0.0,0.0,1.0,0.0,275.0,159.0,99.0,28.57,60.0,88.0
1.0,63.0,4.0,1.0,43.0,0.0,0.0,0.0,0.0,217.0,110.0,68.0,21.99,72.0,68.0
0.0,50.0,1.0,0.0,0.0,0.0,0.0,1.0,0.0,234.0,143.0,90.0,29.36,70.0,86.0
0.0,55.0,1.0,0.0,0.0,0.0,0.0,1.0,0.0,232.0,170.0,92.0,26.09,96.0,74.0
0.0,53.0,3.0,0.0,0.0,1.0,0.0,1.0,1.0,311.0,206.0,92.0,21.51,76.0,215.0
1.0,50.0,4.0,1.0,9.0,0.0,0.0,0.0,0.0,296.0,119.0,90.0,23.55,75.0,69.0
1.0,67.0,1.0,1.0,15.0,0.0,1.0,1.0,0.0,285.0,155.0,90.0,30.42,70.0,77.0
0.0,61.0,1.0,0.0,0.0,0.0,0.0,1.0,0.0,300.0,150.5,89.0,27.3,68.0,72.0
1.0,54.0,3.0,1.0,30.0,0.0,0.0,1.0,0.0,267.0,141.5,91.0,25.36,92.0,87.0
0.0,48.0,1.0,1.0,25.0,0.0,0.0,0.0,1.0,304.0,102.0,66.5,28.9,100.0,66.0
0.0,44.0,3.0,0.0,0.0,0.0,0.0,0.0,0.0,180.0,120.0,80.0,21.67,60.0,76.0
0.0,50.0,1.0,0.0,0.0,0.0,0.0,1.0,0.0,236.0,152.0,92.0,24.47,120.0,67.0
1.0,44.0,1.0,1.0,30.0,0.0,0.0,0.0,0.0,334.0,131.0,74.0,28.82,80.0,77.0
0.0,65.0,1.0,0.0,0.0,0.0,0.0,1.0,0.0,223.0,158.0,90.0,27.26,85.0,93.0
0.0,40.0,1.0,1.0,5.0,0.0,0.0,0.0,0.0,209.0,130.0,84.5,39.94,77.0,104.0
1.0,62.0,4.0,1.0,40.0,0.0,0.0,0.0,0.0,260.0,127.5,75.0,25.35,65.0,103.0
0.0,57.0,1.0,0.0,0.0,0.0,0.0,1.0,0.0,207.0,175.0,80.0,20.86,83.0,75.0
1.0,47.0,1.0,1.0,25.0,0.0,0.0,1.0,0.0,236.0,154.0,93.0,24.49,94.0,76.0
1.0,59.0,1.0,0.0,0.0,0.0,0.0,0.0,0.0,300.0,163.0,78.0,28.83,53.0,95.0
1.0,67.0,1.0,1.0,15.0,0.0,0.0,1.0,0.0,204.0,185.0,100.0,22.69,75.0,114.0
0.0,67.0,2.0,1.0,20.0,0.0,0.0,1.0,0.0,239.0,154.0,90.0,28.56,72.0,90.0
0.0,45.0,2.0,1.0,20.0,0.0,0.0,0.0,0.0,311.0,117.5,76.0,26.27,68.0,67.0
0.0,46.0,3.0,1.0,20.0,0.0,0.0,0.0,0.0,267.0,119.0,65.0,29.15,83.0,75.0
1.0,54.0,2.0,0.0,0.0,0.0,0.0,1.0,0.0,207.0,146.0,98.0,23.63,65.0,91.0
1.0,51.0,1.0,1.0,7.0,0.0,0.0,1.0,0.0,133.0,138.0,78.0,16.98,80.0,65.0
1.0,61.0,2.0,0.0,0.0,0.0,0.0,0.0,0.0,246.0,124.0,70.0,25.63,55.0,78.0
0.0,58.0,1.0,1.0,2.0,0.0,0.0,0.0,0.0,271.0,146.0,92.0,23.07,75.0,83.0
1.0,44.0,4.0,1.0,35.0,0.0,0.0,1.0,0.0,198.0,143.5,90.0,27.99,50.0,75.0
1.0,56.0,1.0,0.0,0.0,0.0,0.0,0.0,0.0,260.0,126.5,76.0,25.14,58.0,70.0
0.0,64.0,1.0,0.0,0.0,0.0,0.0,0.0,0.0,293.0,116.0,80.0,26.81,80.0,87.0
0.0,65.0,2.0,0.0,0.0,1.0,0.0,1.0,0.0,279.0,152.0,102.0,30.43,95.0,78.0
0.0,47.0,1.0,1.0,25.0,0.0,0.0,1.0,1.0,258.0,195.0,90.0,27.55,86.0,96.0
1.0,52.0,2.0,0.0,0.0,0.0,0.0,0.0,0.0,219.0,136.0,76.0,24.49,52.0,73.0
0.0,67.0,1.0,0.0,0.0,0.0,0.0,1.0,0.0,302.0,147.0,92.0,25.23,80.0,87.0
1.0,61.0,1.0,0.0,0.0,0.0,0.0,0.0,0.0,257.0,124.5,80.0,23.84,64.0,76.0
1.0,45.0,4.0,1.0,20.0,0.0,0.0,1.0,0.0,271.0,164.0,98.0,26.05,94.0,81.0
1.0,64.0,1.0,1.0,15.0,1.0,0.0,1.0,0.0,266.0,191.0,81.0,25.33,95.0,78.0
0.0,68.0,1.0,0.0,0.0,0.0,0.0,1.0,0.0,258.0,139.0,74.0,26.58,85.0,75.0
1.0,49.0,3.0,1.0,40.0,0.0,0.0,1.0,0.0,260.0,142.0,54.0,25.4,67.0,95.0
0.0,57.0,1.0,0.0,0.0,0.0,0.0,1.0,0.0,266.0,151.0,95.0,38.39,96.0,109.0
1.0,51.0,1.0,1.0,30.0,0.0,0.0,1.0,0.0,230.0,171.0,112.0,25.08,95.0,88.0
1.0,53.0,2.0,0.0,0.0,0.0,0.0,0.0,1.0,234.0,113.0,68.0,24.8,76.0,108.0
0.0,53.0,4.0,0.0,0.0,0.0,0.0,1.0,0.0,310.0,146.0,91.0,29.3,75.0,72.0
1.0,52.0,2.0,1.0,20.0,0.0,0.0,0.0,1.0,258.0,132.0,80.0,27.52,90.0,268.0
0.0,67.0,1.0,0.0,0.0,0.0,0.0,0.0,0.0,223.0,111.0,73.0,27.89,90.0,63.0
0.0,58.0,2.0,0.0,0.0,0.0,0.0,0.0,0.0,190.0,132.0,67.0,23.08,65.0,70.0
0.0,68.0,3.0,1.0,20.0,0.0,0.0,1.0,0.0,258.0,158.0,94.0,31.64,80.0,84.0
1.0,55.0,1.0,1.0,20.0,0.0,0.0,1.0,0.0,259.0,217.0,112.0,29.6,63.0,77.0
0.0,50.0,3.0,0.0,0.0,0.0,0.0,1.0,0.0,241.0,165.0,100.0,24.59,75.0,86.0
0.0,58.0,1.0,1.0,15.0,0.0,0.0,1.0,0.0,275.0,140.0,78.0,19.18,78.0,74.0
0.0,46.0,4.0,1.0,10.0,0.0,0.0,0.0,0.0,229.0,97.5,72.0,18.99,80.0,74.0
0.0,62.0,2.0,1.0,6.0,0.0,0.0,1.0,0.0,244.0,168.0,102.0,26.39,76.0,105.0
1.0,45.0,3.0,1.0,40.0,0.0,0.0,0.0,0.0,278.0,135.0,84.0,23.79,75.0,79.0
1.0,60.0,1.0,1.0,20.0,0.0,0.0,1.0,0.0,174.0,164.0,113.0,18.64,65.0,93.0
1.0,60.0,4.0,0.0,0.0,0.0,0.0,0.0,0.0,232.0,165.0,77.0,29.23,69.0,57.0
0.0,65.0,1.0,0.0,0.0,0.0,0.0,1.0,0.0,295.0,210.0,135.0,24.73,72.0,93.0
1.0,58.0,1.0,1.0,30.0,0.0,0.0,1.0,0.0,279.0,180.0,109.5,26.04,75.0,82.0
1.0,53.0,1.0,1.0,3.0,0.0,0.0,0.0,0.0,218.0,120.0,80.0,29.87,90.0,73.0
1.0,56.0,1.0,1.0,30.0,0.0,0.0,0.0,0.0,241.0,109.0,70.0,20.12,62.0,87.0
0.0,58.0,1.0,0.0,0.0,0.0,0.0,0.0,1.0,260.0,85.5,51.0,20.76,87.0,206.0
0.0,42.0,2.0,1.0,18.0,0.0,0.0,0.0,0.0,219.0,126.0,73.0,22.65,80.0,65.0
1.0,48.0,1.0,1.0,20.0,0.0,0.0,0.0,0.0,170.0,122.0,70.0,23.62,90.0,73.0
1.0,48.0,1.0,1.0,30.0,0.0,0.0,0.0,0.0,212.0,139.0,86.0,20.27,66.0,62.0
1.0,44.0,2.0,1.0,20.0,0.0,0.0,1.0,0.0,319.0,158.0,90.0,29.15,89.0,100.0
0.0,35.0,2.0,1.0,20.0,0.0,0.0,0.0,0.0,168.0,83.5,55.0,16.71,79.0,63.0
1.0,50.0,3.0,0.0,0.0,0.0,0.0,1.0,1.0,232.0,148.5,94.0,25.78,80.0,88.0
1.0,44.0,2.0,1.0,20.0,0.0,0.0,0.0,0.0,246.0,142.0,92.0,23.85,76.0,65.0
0.0,58.0,1.0,1.0,20.0,0.0,0.0,1.0,0.0,260.0,180.0,100.0,25.56,100.0,93.0
0.0,59.0,2.0,1.0,35.0,0.0,0.0,1.0,0.0,345.0,182.5,103.0,31.52,83.0,76.0
1.0,42.0,3.0,1.0,25.0,0.0,0.0,0.0,0.0,256.0,121.5,74.0,23.59,70.0,115.0
1.0,56.0,1.0,1.0,40.0,0.0,0.0,0.0,0.0,296.0,111.5,74.0,23.38,80.0,71.0
0.0,63.0,1.0,1.0,20.0,0.0,0.0,0.0,0.0,238.0,136.0,66.0,20.2,60.0,92.0
1.0,63.0,4.0,1.0,25.0,0.0,0.0,1.0,0.0,203.0,192.5,125.0,26.18,80.0,83.0
1.0,51.0,1.0,1.0,15.0,0.0,0.0,0.0,0.0,339.0,137.5,81.0,24.22,80.0,85.0
0.0,59.0,3.0,0.0,0.0,0.0,0.0,0.0,0.0,271.0,117.5,65.0,19.77,70.0,89.0
1.0,52.0,3.0,1.0,20.0,0.0,0.0,0.0,0.0,205.0,136.5,92.5,31.05,70.0,79.0
0.0,62.0,3.0,1.0,20.0,1.0,0.0,1.0,1.0,358.0,215.0,110.0,37.62,110.0,368.0
0.0,52.0,2.0,0.0,0.0,0.0,0.0,1.0,1.0,600.0,159.5,94.0,28.27,78.0,140.0
0.0,54.0,2.0,0.0,0.0,0.0,0.0,0.0,0.0,240.0,125.0,87.0,28.76,76.0,76.0
1.0,67.0,1.0,1.0,9.0,0.0,0.0,0.0,0.0,245.0,126.0,68.0,29.04,70.0,94.0
1.0,60.0,1.0,1.0,20.0,0.0,0.0,0.0,0.0,212.0,138.5,87.5,19.54,64.0,73.0
1.0,43.0,4.0,1.0,40.0,0.0,0.0,0.0,0.0,263.0,114.0,81.0,25.68,70.0,74.0
1.0,50.0,1.0,0.0,0.0,0.0,0.0,0.0,0.0,200.0,126.0,88.0,26.73,80.0,76.0
1.0,56.0,1.0,0.0,0.0,0.0,0.0,1.0,0.0,215.0,138.0,97.0,30.76,68.0,69.0
0.0,60.0,1.0,0.0,0.0,0.0,0.0,1.0,0.0,352.0,197.5,105.0,36.29,75.0,95.0
1.0,38.0,3.0,0.0,0.0,0.0,0.0,0.0,0.0,244.0,118.5,88.0,28.68,77.0,65.0
1.0,51.0,2.0,1.0,5.0,0.0,0.0,1.0,0.0,290.0,168.0,103.0,29.11,80.0,64.0
0.0,44.0,3.0,1.0,10.0,0.0,0.0,0.0,0.0,250.0,136.5,83.5,21.33,70.0,95.0
1.0,49.0,2.0,1.0,2.0,0.0,0.0,0.0,0.0,262.0,115.0,83.0,22.86,65.0,57.0
0.0,61.0,3.0,0.0,0.0,0.0,0.0,0.0,0.0,257.0,141.0,80.0,33.9,85.0,60.0
1.0,63.0,1.0,1.0,30.0,0.0,0.0,1.0,0.0,225.0,146.0,82.0,27.17,70.0,85.0
1.0,50.0,1.0,1.0,35.0,0.0,0.0,0.0,0.0,293.0,150.0,85.0,26.09,67.0,68.0
0.0,59.0,1.0,1.0,30.0,0.0,0.0,0.0,0.0,316.0,110.0,70.0,19.83,80.0,74.0
0.0,59.0,2.0,0.0,0.0,1.0,0.0,1.0,0.0,264.0,244.0,124.0,19.61,76.0,120.0
0.0,47.0,1.0,1.0,1.0,0.0,0.0,1.0,1.0,160.0,197.0,109.0,34.91,82.0,320.0
0.0,64.0,1.0,0.0,0.0,0.0,0.0,0.0,0.0,280.0,127.0,77.0,30.39,56.0,78.0
1.0,56.0,1.0,1.0,7.0,0.0,0.0,1.0,0.0,222.0,159.0,91.5,27.12,70.0,80.0
0.0,61.0,1.0,0.0,0.0,0.0,0.0,0.0,0.0,312.0,136.5,76.0,31.13,71.0,85.0
0.0,57.0,1.0,1.0,43.0,0.0,0.0,1.0,0.0,283.0,207.5,118.0,38.61,100.0,83.0
1.0,64.0,1.0,1.0,18.0,0.0,0.0,1.0,0.0,219.0,172.5,75.0,29.29,77.0,91.0
0.0,55.0,1.0,0.0,0.0,0.0,0.0,1.0,0.0,212.0,161.0,85.0,28.26,66.0,63.0
1.0,69.0,1.0,1.0,1.0,0.0,0.0,0.0,0.0,245.0,123.0,77.0,26.58,70.0,81.0
1.0,66.0,4.0,1.0,20.0,0.0,0.0,1.0,0.0,273.0,145.0,88.0,25.41,69.0,74.0
0.0,51.0,2.0,0.0,0.0,1.0,0.0,1.0,0.0,358.0,134.0,87.0,29.36,75.0,87.0
0.0,57.0,3.0,1.0,20.0,1.0,0.0,1.0,0.0,262.0,140.0,93.0,22.0,108.0,85.0
0.0,59.0,1.0,0.0,0.0,0.0,0.0,0.0,0.0,241.0,120.0,73.0,23.76,60.0,88.0
1.0,47.0,4.0,1.0,20.0,0.0,0.0,0.0,0.0,294.0,102.0,68.0,24.18,62.0,66.0
0.0,39.0,2.0,1.0,20.0,0.0,0.0,0.0,0.0,190.0,137.0,81.0,19.57,80.0,85.0
0.0,46.0,2.0,1.0,15.0,0.0,0.0,0.0,0.0,232.0,115.0,70.0,25.18,75.0,59.0
1.0,40.0,4.0,0.0,0.0,0.0,0.0,0.0,0.0,161.0,122.0,85.0,30.8,75.0,85.0
1.0,49.0,2.0,1.0,9.0,0.0,0.0,1.0,0.0,278.0,152.0,93.0,29.76,64.0,63.0
0.0,57.0,1.0,1.0,20.0,0.0,0.0,0.0,0.0,252.0,139.0,82.0,26.36,84.0,70.0
1.0,50.0,1.0,0.0,0.0,0.0,0.0,1.0,0.0,257.0,127.0,82.0,32.23,75.0,117.0
0.0,59.0,2.0,0.0,0.0,0.0,0.0,1.0,0.0,320.0,182.0,98.0,30.28,88.0,96.0
1.0,43.0,2.0,0.0,0.0,0.0,0.0,1.0,0.0,214.0,132.0,84.0,26.77,65.0,102.0
1.0,52.0,1.0,1.0,30.0,1.0,0.0,1.0,0.0,238.0,184.0,102.0,28.88,90.0,94.0
1.0,54.0,1.0,1.0,43.0,0.0,0.0,0.0,0.0,243.0,135.0,92.0,31.3,90.0,65.0
1.0,54.0,1.0,0.0,0.0,0.0,0.0,1.0,0.0,230.0,126.0,93.0,25.36,80.0,84.0
1.0,61.0,1.0,1.0,20.0,0.0,0.0,1.0,0.0,220.0,215.0,129.0,24.69,92.0,93.0
1.0,56.0,2.0,1.0,20.0,0.0,0.0,1.0,0.0,285.0,198.0,107.0,24.87,80.0,97.0
1.0,60.0,4.0,1.0,12.0,0.0,0.0,0.0,0.0,233.0,135.0,75.0,22.17,75.0,60.0
1.0,61.0,1.0,1.0,20.0,0.0,0.0,0.0,0.0,215.0,114.0,72.5,25.86,65.0,61.0
1.0,50.0,4.0,0.0,0.0,0.0,0.0,1.0,0.0,259.0,171.0,120.0,29.38,72.0,85.0
0.0,63.0,2.0,1.0,40.0,0.0,0.0,0.0,0.0,179.0,116.0,69.0,22.15,95.0,75.0
1.0,52.0,4.0,1.0,20.0,0.0,0.0,1.0,0.0,225.0,156.0,98.0,30.93,80.0,100.0
0.0,63.0,1.0,0.0,0.0,0.0,0.0,1.0,0.0,361.0,167.0,100.0,27.31,85.0,103.0
0.0,66.0,1.0,0.0,0.0,0.0,0.0,1.0,0.0,278.0,187.0,88.0,40.52,90.0,84.0
1.0,63.0,1.0,1.0,43.0,0.0,0.0,1.0,0.0,253.0,172.0,82.0,24.19,66.0,137.0
0.0,40.0,4.0,1.0,20.0,0.0,0.0,0.0,0.0,205.0,158.0,102.0,25.45,75.0,87.0
0.0,52.0,3.0,1.0,9.0,0.0,0.0,0.0,0.0,249.0,112.0,75.0,22.54,72.0,71.0
0.0,40.0,3.0,1.0,10.0,0.0,0.0,0.0,0.0,210.0,103.0,71.0,24.4,73.0,68.0
0.0,66.0,1.0,0.0,0.0,0.0,0.0,1.0,0.0,214.0,212.0,104.0,25.32,57.0,84.0
0.0,49.0,1.0,1.0,5.0,0.0,0.0,0.0,0.0,350.0,135.0,86.5,25.56,75.0,83.0
0.0,70.0,1.0,0.0,0.0,0.0,1.0,1.0,0.0,107.0,143.0,93.0,26.54,68.0,62.0
1.0,60.0,1.0,1.0,10.0,0.0,0.0,1.0,0.0,217.0,167.0,109.0,24.86,95.0,72.0
0.0,51.0,1.0,0.0,0.0,0.0,0.0,1.0,0.0,177.0,141.0,92.0,29.64,72.0,130.0
1.0,52.0,1.0,1.0,20.0,0.0,0.0,1.0,0.0,283.0,145.0,79.0,30.12,72.0,86.0
1.0,50.0,1.0,1.0,20.0,0.0,0.0,1.0,0.0,233.0,158.0,88.0,28.26,68.0,94.0
0.0,66.0,2.0,0.0,0.0,0.0,0.0,0.0,0.0,305.0,138.0,86.0,20.74,75.0,62.0
0.0,55.0,1.0,1.0,20.0,0.0,0.0,1.0,0.0,233.0,128.0,94.0,36.62,80.0,95.0
0.0,66.0,1.0,0.0,0.0,0.0,0.0,1.0,0.0,263.0,193.0,95.0,27.07,115.0,94.0
0.0,52.0,4.0,0.0,0.0,0.0,0.0,1.0,0.0,240.0,177.0,103.5,24.39,86.0,75.0
1.0,64.0,1.0,1.0,30.0,0.0,0.0,1.0,0.0,253.0,178.0,106.0,24.68,100.0,76.0
0.0,63.0,1.0,0.0,0.0,0.0,0.0,0.0,0.0,205.0,138.0,71.0,33.11,60.0,85.0
1.0,48.0,1.0,1.0,20.0,0.0,0.0,0.0,0.0,210.0,109.0,77.0,24.12,73.0,79.0
1.0,64.0,1.0,0.0,0.0,0.0,0.0,0.0,0.0,296.0,142.0,84.0,27.01,52.0,83.0
1.0,50.0,2.0,1.0,30.0,0.0,0.0,0.0,0.0,249.0,133.0,88.0,28.5,75.0,75.0
1.0,58.0,1.0,1.0,40.0,0.0,0.0,1.0,0.0,231.0,171.0,95.0,26.11,85.0,77.0
0.0,59.0,2.0,0.0,0.0,0.0,0.0,1.0,0.0,250.0,120.5,80.5,27.59,80.0,75.0
1.0,48.0,2.0,1.0,17.0,0.0,0.0,1.0,0.0,250.0,177.0,124.0,26.4,75.0,69.0
1.0,68.0,1.0,1.0,15.0,0.0,0.0,0.0,0.0,157.0,106.0,48.0,26.73,65.0,65.0
0.0,54.0,1.0,0.0,0.0,0.0,0.0,1.0,0.0,273.0,139.0,98.0,29.06,110.0,73.0
1.0,41.0,2.0,1.0,20.0,0.0,0.0,0.0,0.0,212.0,112.0,63.5,25.2,80.0,76.0
0.0,55.0,3.0,1.0,3.0,0.0,0.0,0.0,0.0,222.0,103.0,61.0,23.18,68.0,75.0
0.0,63.0,4.0,0.0,0.0,0.0,0.0,1.0,0.0,210.0,148.0,85.5,24.01,76.0,88.0
0.0,64.0,1.0,0.0,0.0,0.0,0.0,1.0,0.0,255.0,153.0,75.0,23.39,60.0,74.0
0.0,55.0,1.0,0.0,0.0,0.0,0.0,1.0,0.0,325.0,155.0,90.0,26.27,68.0,72.0
0.0,52.0,4.0,0.0,0.0,1.0,0.0,1.0,0.0,264.0,181.0,112.5,24.8,74.0,77.0
1.0,55.0,2.0,1.0,15.0,0.0,0.0,1.0,0.0,222.0,155.0,92.5,28.35,67.0,68.0
1.0,58.0,3.0,0.0,0.0,0.0,0.0,0.0,0.0,266.0,138.0,83.0,30.64,95.0,100.0
0.0,60.0,3.0,0.0,0.0,0.0,0.0,1.0,0.0,325.0,182.0,106.0,27.61,80.0,77.0
0.0,49.0,1.0,1.0,9.0,0.0,0.0,0.0,0.0,235.0,109.0,70.0,28.66,74.0,73.0
1.0,43.0,2.0,0.0,0.0,0.0,0.0,0.0,0.0,206.0,107.5,73.5,24.17,60.0,71.0
1.0,41.0,2.0,1.0,20.0,0.0,0.0,0.0,0.0,199.0,139.0,80.0,25.51,62.0,62.0
1.0,48.0,2.0,0.0,0.0,0.0,0.0,0.0,0.0,193.0,141.0,95.0,27.89,75.0,84.0
0.0,51.0,1.0,1.0,20.0,0.0,0.0,0.0,0.0,264.0,139.5,89.0,29.38,70.0,76.0
0.0,61.0,2.0,1.0,15.0,0.0,0.0,1.0,0.0,235.0,154.0,94.0,22.91,70.0,66.0
1.0,50.0,1.0,0.0,0.0,0.0,0.0,0.0,0.0,260.0,119.0,74.0,21.85,80.0,72.0
1.0,37.0,2.0,1.0,20.0,0.0,0.0,0.0,0.0,211.0,116.5,77.5,24.5,68.0,78.0
1.0,68.0,1.0,0.0,0.0,0.0,0.0,1.0,1.0,184.0,157.0,97.0,33.16,110.0,148.0
0.0,52.0,2.0,0.0,0.0,0.0,0.0,1.0,0.0,260.0,171.0,118.0,28.33,69.0,80.0
1.0,68.0,1.0,0.0,0.0,0.0,0.0,1.0,0.0,276.0,127.0,66.5,25.78,75.0,104.0
0.0,66.0,1.0,0.0,0.0,0.0,0.0,1.0,0.0,232.0,175.0,94.0,29.84,95.0,67.0
0.0,46.0,1.0,1.0,5.0,0.0,0.0,0.0,0.0,220.0,123.0,88.0,32.49,94.0,79.0
1.0,62.0,4.0,1.0,40.0,0.0,0.0,1.0,0.0,203.0,148.0,96.0,30.84,70.0,95.0
1.0,63.0,1.0,1.0,10.0,0.0,0.0,0.0,0.0,271.0,131.0,73.5,30.12,72.0,107.0
0.0,56.0,2.0,0.0,0.0,0.0,0.0,1.0,0.0,290.0,185.0,107.5,26.45,82.0,84.0
1.0,49.0,2.0,1.0,60.0,0.0,0.0,0.0,0.0,213.0,123.0,75.0,24.84,70.0,74.0
1.0,53.0,1.0,1.0,11.0,1.0,0.0,1.0,0.0,228.0,132.5,55.0,19.97,90.0,83.0
0.0,60.0,3.0,0.0,0.0,0.0,0.0,1.0,0.0,286.0,172.5,85.0,22.0,72.0,71.0
1.0,62.0,1.0,1.0,6.0,0.0,0.0,1.0,0.0,237.0,163.0,94.0,25.62,85.0,84.0
0.0,50.0,1.0,0.0,0.0,0.0,0.0,0.0,0.0,189.0,144.0,88.0,39.08,60.0,87.0
1.0,43.0,4.0,1.0,25.0,0.0,0.0,0.0,0.0,245.0,126.0,88.5,23.16,92.0,78.0
0.0,52.0,3.0,1.0,20.0,0.0,0.0,1.0,0.0,287.0,139.0,88.0,26.55,110.0,88.0
0.0,44.0,3.0,0.0,0.0,0.0,0.0,0.0,0.0,180.0,110.0,70.0,23.98,92.0,67.0
1.0,62.0,1.0,0.0,0.0,0.0,0.0,1.0,0.0,191.0,156.0,91.0,31.2,68.0,75.0
1.0,63.0,3.0,1.0,20.0,0.0,0.0,1.0,0.0,269.0,180.0,101.0,24.42,72.0,84.0
1.0,56.0,1.0,1.0,30.0,0.0,0.0,1.0,0.0,193.0,139.0,93.0,28.67,57.0,67.0
1.0,61.0,1.0,0.0,0.0,0.0,0.0,1.0,0.0,201.0,164.5,93.5,27.73,78.0,95.0
1.0,50.0,1.0,1.0,10.0,0.0,0.0,1.0,0.0,202.0,189.0,121.0,33.81,65.0,72.0
1.0,50.0,4.0,0.0,0.0,0.0,0.0,0.0,0.0,220.0,114.0,78.0,26.26,79.0,83.0
0.0,37.0,1.0,1.0,20.0,0.0,0.0,0.0,0.0,166.0,112.0,73.5,21.64,75.0,93.0
1.0,63.0,1.0,0.0,0.0,0.0,0.0,1.0,0.0,219.0,145.5,80.0,26.6,72.0,89.0
1.0,58.0,1.0,1.0,20.0,0.0,0.0,0.0,0.0,200.0,136.0,88.0,26.25,75.0,73.0
1.0,40.0,2.0,1.0,20.0,0.0,0.0,0.0,0.0,275.0,112.5,85.0,28.04,73.0,71.0
1.0,40.0,1.0,1.0,43.0,0.0,0.0,1.0,0.0,290.0,138.0,90.0,27.54,85.0,73.0
1.0,47.0,4.0,1.0,43.0,0.0,0.0,0.0,0.0,227.0,126.0,84.0,19.14,68.0,74.0
1.0,57.0,1.0,1.0,20.0,0.0,0.0,1.0,0.0,158.0,154.0,100.0,24.07,92.0,70.0
1.0,52.0,1.0,1.0,25.0,0.0,0.0,1.0,0.0,206.0,173.0,117.0,29.63,75.0,77.0
1.0,61.0,1.0,0.0,0.0,0.0,0.0,1.0,0.0,206.0,143.0,96.0,27.04,70.0,87.0
0.0,65.0,1.0,0.0,0.0,0.0,0.0,0.0,0.0,276.0,124.0,70.0,25.61,76.0,75.0
1.0,48.0,4.0,1.0,20.0,0.0,0.0,1.0,0.0,259.0,135.0,90.0,20.72,102.0,81.0
1.0,44.0,1.0,0.0,0.0,0.0,0.0,0.0,0.0,229.0,132.0,94.0,34.39,110.0,80.0
0.0,40.0,1.0,1.0,9.0,0.0,0.0,0.0,0.0,239.0,118.0,78.0,23.48,85.0,75.0
1.0,54.0,2.0,1.0,40.0,0.0,0.0,0.0,0.0,230.0,145.0,90.0,25.72,75.0,85.0
0.0,58.0,3.0,1.0,3.0,0.0,0.0,0.0,0.0,290.0,155.0,82.5,29.5,85.0,113.0
0.0,39.0,3.0,1.0,30.0,0.0,0.0,1.0,0.0,235.0,196.0,116.0,29.7,73.0,87.0
1.0,52.0,2.0,0.0,0.0,0.0,1.0,0.0,0.0,202.0,136.0,94.0,29.93,83.0,67.0
0.0,46.0,1.0,1.0,15.0,0.0,0.0,0.0,0.0,244.0,98.0,57.0,24.01,84.0,95.0
0.0,59.0,2.0,0.0,0.0,1.0,0.0,1.0,0.0,201.0,148.5,90.0,25.85,65.0,83.0
1.0,57.0,4.0,0.0,0.0,0.0,0.0,1.0,0.0,310.0,147.5,90.0,32.09,67.0,73.0
0.0,38.0,2.0,1.0,10.0,0.0,0.0,0.0,0.0,309.0,113.0,68.0,21.35,60.0,75.0
1.0,59.0,1.0,1.0,43.0,0.0,0.0,0.0,0.0,207.0,132.5,66.0,26.84,65.0,76.0
0.0,59.0,1.0,1.0,10.0,1.0,0.0,1.0,0.0,312.0,175.0,82.0,39.82,120.0,85.0
1.0,66.0,1.0,0.0,0.0,0.0,0.0,0.0,0.0,270.0,120.0,76.0,19.09,64.0,98.0
1.0,62.0,1.0,0.0,0.0,0.0,0.0,1.0,0.0,208.0,144.0,80.0,31.42,75.0,66.0
0.0,60.0,2.0,0.0,0.0,0.0,0.0,1.0,0.0,334.0,132.0,94.0,25.38,80.0,98.0
0.0,57.0,1.0,0.0,0.0,0.0,0.0,0.0,0.0,194.0,199.5,107.0,26.84,60.0,69.0
0.0,48.0,1.0,0.0,0.0,0.0,0.0,1.0,0.0,275.0,177.0,101.0,25.22,75.0,82.0
1.0,38.0,4.0,1.0,15.0,0.0,0.0,0.0,0.0,248.0,110.0,61.0,22.17,85.0,55.0
1.0,57.0,1.0,0.0,0.0,0.0,0.0,0.0,0.0,220.0,136.0,84.0,26.84,75.0,64.0
1.0,51.0,1.0,1.0,15.0,0.0,0.0,0.0,0.0,212.0,146.0,89.0,24.49,100.0,132.0
1.0,52.0,1.0,1.0,3.0,0.0,0.0,1.0,0.0,199.0,134.0,98.0,27.78,75.0,89.0
0.0,65.0,2.0,0.0,0.0,0.0,0.0,1.0,0.0,256.0,149.0,96.0,29.75,90.0,80.0
1.0,58.0,1.0,0.0,0.0,0.0,0.0,0.0,0.0,233.0,125.5,84.0,26.05,67.0,76.0
0.0,55.0,3.0,1.0,1.0,0.0,0.0,0.0,0.0,273.0,122.0,84.0,27.15,75.0,97.0
1.0,59.0,1.0,1.0,3.0,0.0,0.0,1.0,1.0,230.0,182.0,102.0,25.91,66.0,147.0
0.0,63.0,1.0,0.0,0.0,0.0,0.0,1.0,0.0,275.0,148.0,75.0,28.87,70.0,83.0
1.0,59.0,1.0,0.0,0.0,0.0,0.0,0.0,0.0,282.0,114.0,67.0,28.04,58.0,79.0
0.0,58.0,1.0,1.0,20.0,1.0,0.0,1.0,0.0,156.0,170.0,98.0,28.88,72.0,87.0
1.0,50.0,1.0,1.0,1.0,0.0,0.0,1.0,0.0,313.0,179.0,92.0,25.97,66.0,86.0
0.0,59.0,2.0,1.0,20.0,0.0,0.0,1.0,0.0,206.0,167.0,89.5,25.83,72.0,75.0
0.0,43.0,2.0,1.0,15.0,0.0,0.0,0.0,0.0,199.0,137.0,81.0,21.85,70.0,72.0
1.0,52.0,3.0,1.0,15.0,0.0,0.0,0.0,0.0,225.0,131.0,74.0,24.54,65.0,77.0
0.0,45.0,1.0,0.0,0.0,0.0,0.0,0.0,0.0,211.0,127.5,80.0,27.05,72.0,68.0
0.0,64.0,1.0,0.0,0.0,0.0,0.0,1.0,0.0,194.0,176.0,97.0,33.19,68.0,89.0
1.0,37.0,4.0,0.0,0.0,0.0,0.0,0.0,0.0,266.0,110.0,72.5,26.09,77.0,73.0
1.0,58.0,1.0,1.0,20.0,0.0,0.0,1.0,0.0,255.0,146.0,89.0,27.47,75.0,73.0
1.0,58.0,2.0,0.0,0.0,0.0,0.0,1.0,0.0,149.0,98.0,60.0,24.73,105.0,71.0
0.0,42.0,2.0,0.0,0.0,0.0,0.0,0.0,0.0,211.0,134.0,82.0,20.93,75.0,80.0
1.0,68.0,1.0,0.0,0.0,0.0,0.0,1.0,1.0,164.0,142.0,85.0,30.28,70.0,120.0
1.0,62.0,2.0,0.0,0.0,0.0,0.0,0.0,0.0,214.0,110.0,62.5,23.8,77.0,95.0
1.0,47.0,1.0,0.0,0.0,0.0,0.0,0.0,0.0,259.0,139.0,79.0,29.34,70.0,71.0
0.0,55.0,1.0,0.0,0.0,0.0,0.0,0.0,0.0,232.0,119.0,81.0,30.0,60.0,100.0
1.0,50.0,1.0,0.0,0.0,0.0,0.0,1.0,0.0,208.0,166.5,106.5,29.13,85.0,84.0
1.0,40.0,1.0,0.0,0.0,0.0,0.0,1.0,0.0,175.0,173.0,59.0,27.99,70.0,75.0
1.0,65.0,1.0,0.0,0.0,0.0,0.0,0.0,0.0,167.0,150.0,77.0,34.69,75.0,94.0
0.0,56.0,3.0,0.0,0.0,0.0,0.0,0.0,0.0,220.0,122.0,74.0,25.66,71.0,93.0
0.0,67.0,4.0,0.0,0.0,0.0,0.0,0.0,0.0,281.0,101.0,59.0,23.1,63.0,85.0
1.0,68.0,1.0,1.0,15.0,0.0,0.0,0.0,0.0,193.0,145.0,67.0,23.13,75.0,72.0
1.0,60.0,2.0,1.0,20.0,0.0,0.0,0.0,0.0,305.0,112.5,75.0,22.7,75.0,98.0
0.0,59.0,1.0,0.0,0.0,0.0,0.0,1.0,0.0,258.0,138.5,85.0,34.55,65.0,103.0
1.0,62.0,3.0,0.0,0.0,0.0,0.0,0.0,0.0,211.0,128.0,78.0,27.99,56.0,83.0
1.0,57.0,2.0,1.0,20.0,0.0,0.0,0.0,0.0,205.0,127.0,75.0,20.55,80.0,65.0
0.0,55.0,1.0,0.0,0.0,0.0,0.0,0.0,0.0,195.0,133.5,81.5,23.46,90.0,86.0
0.0,57.0,1.0,0.0,0.0,0.0,0.0,1.0,0.0,285.0,197.0,72.0,23.41,68.0,78.0
1.0,58.0,1.0,0.0,0.0,0.0,0.0,1.0,1.0,287.0,145.0,72.5,26.27,88.0,206.0
1.0,58.0,4.0,1.0,20.0,0.0,0.0,1.0,0.0,213.0,162.0,99.0,28.3,60.0,70.0
0.0,61.0,2.0,0.0,0.0,1.0,0.0,1.0,0.0,209.0,133.0,93.0,27.0,80.0,83.0
0.0,41.0,3.0,1.0,30.0,0.0,0.0,1.0,0.0,187.0,154.0,100.0,20.5,66.0,78.0
0.0,50.0,3.0,0.0,0.0,0.0,0.0,1.0,0.0,243.0,157.0,98.0,23.82,70.0,78.0
0.0,36.0,2.0,1.0,1.0,0.0,0.0,0.0,0.0,160.0,98.0,66.0,25.07,68.0,73.0
0.0,53.0,3.0,0.0,0.0,0.0,0.0,0.0,0.0,240.0,109.0,79.0,25.14,92.0,80.0
1.0,46.0,1.0,1.0,20.0,0.0,0.0,1.0,0.0,208.0,164.0,107.0,20.63,63.0,70.0
1.0,62.0,1.0,1.0,20.0,0.0,0.0,1.0,0.0,270.0,145.5,87.5,23.88,81.0,67.0
1.0,61.0,4.0,1.0,15.0,0.0,0.0,0.0,0.0,217.0,131.0,83.0,26.46,62.0,81.0
0.0,47.0,2.0,1.0,9.0,0.0,0.0,1.0,0.0,253.0,129.0,81.0,22.18,70.0,122.0
1.0,59.0,3.0,1.0,30.0,0.0,0.0,1.0,0.0,239.0,168.0,100.0,27.87,65.0,96.0
1.0,54.0,3.0,1.0,43.0,0.0,0.0,0.0,0.0,288.0,145.0,92.5,26.2,72.0,98.0
1.0,36.0,2.0,1.0,20.0,0.0,0.0,0.0,0.0,242.0,118.5,84.5,24.04,78.0,103.0
0.0,66.0,1.0,0.0,0.0,0.0,0.0,1.0,0.0,312.0,150.0,74.0,25.59,72.0,90.0
1.0,61.0,1.0,0.0,0.0,0.0,0.0,1.0,0.0,243.0,142.0,89.0,27.3,65.0,67.0
1.0,54.0,3.0,1.0,25.0,0.0,0.0,0.0,0.0,208.0,137.5,82.5,25.58,75.0,63.0
0.0,53.0,1.0,0.0,0.0,0.0,0.0,1.0,1.0,248.0,200.0,140.0,43.3,107.0,130.0
1.0,45.0,2.0,0.0,0.0,0.0,0.0,0.0,0.0,232.0,122.5,82.5,27.55,74.0,59.0
1.0,43.0,4.0,1.0,40.0,0.0,0.0,0.0,0.0,226.0,103.5,60.0,26.11,90.0,67.0
1.0,51.0,1.0,1.0,40.0,0.0,0.0,1.0,0.0,227.0,162.5,104.0,34.97,90.0,65.0
0.0,52.0,2.0,0.0,0.0,0.0,0.0,1.0,0.0,215.0,159.0,64.0,24.56,58.0,124.0
0.0,61.0,1.0,0.0,0.0,0.0,0.0,0.0,0.0,271.0,133.0,83.0,25.31,90.0,60.0
0.0,46.0,2.0,1.0,20.0,0.0,0.0,0.0,0.0,291.0,112.0,78.0,23.38,80.0,89.0
0.0,65.0,2.0,0.0,0.0,0.0,0.0,1.0,0.0,270.0,165.0,98.0,21.66,62.0,92.0
0.0,45.0,2.0,1.0,20.0,0.0,0.0,0.0,0.0,285.0,116.0,87.0,23.85,65.0,55.0
0.0,60.0,1.0,0.0,0.0,0.0,0.0,1.0,0.0,212.0,146.0,80.0,28.53,95.0,72.0
0.0,51.0,1.0,1.0,25.0,0.0,0.0,0.0,0.0,327.0,117.0,70.0,18.52,90.0,76.0
1.0,58.0,1.0,1.0,15.0,0.0,0.0,0.0,0.0,272.0,127.5,79.5,26.37,78.0,66.0
1.0,48.0,1.0,1.0,10.0,0.0,0.0,0.0,0.0,308.0,117.0,76.0,30.85,65.0,54.0
1.0,46.0,1.0,1.0,30.0,0.0,0.0,1.0,0.0,187.0,140.0,94.0,24.3,100.0,67.0
1.0,59.0,4.0,0.0,0.0,0.0,0.0,0.0,0.0,210.0,134.0,84.0,25.64,58.0,77.0
0.0,57.0,1.0,0.0,0.0,0.0,0.0,1.0,0.0,233.0,184.0,106.0,38.88,66.0,40.0
0.0,53.0,2.0,0.0,0.0,0.0,0.0,0.0,0.0,370.0,123.0,83.0,24.64,63.0,74.0
1.0,66.0,3.0,0.0,0.0,0.0,0.0,1.0,0.0,182.0,151.0,88.0,25.22,85.0,80.0
1.0,45.0,1.0,1.0,20.0,0.0,0.0,0.0,0.0,241.0,129.0,80.0,27.11,65.0,65.0
0.0,56.0,1.0,0.0,0.0,0.0,0.0,1.0,0.0,206.0,158.0,70.0,28.34,60.0,88.0
1.0,60.0,3.0,1.0,10.0,0.0,0.0,1.0,0.0,250.0,157.0,94.0,29.89,63.0,68.0
1.0,67.0,2.0,1.0,60.0,0.0,0.0,1.0,0.0,261.0,170.0,100.0,22.71,72.0,79.0
0.0,56.0,3.0,1.0,5.0,0.0,0.0,0.0,0.0,230.0,123.0,78.5,24.71,76.0,87.0
0.0,66.0,1.0,0.0,0.0,0.0,0.0,1.0,1.0,203.0,205.0,83.0,28.27,75.0,118.0
1.0,52.0,1.0,1.0,15.0,0.0,0.0,1.0,0.0,253.0,159.0,89.0,23.68,100.0,90.0
0.0,63.0,1.0,0.0,0.0,0.0,0.0,0.0,0.0,222.0,146.0,78.0,16.92,65.0,74.0
1.0,62.0,1.0,1.0,43.0,0.0,0.0,0.0,0.0,217.0,107.5,75.0,26.21,80.0,66.0
0.0,64.0,1.0,0.0,0.0,0.0,0.0,1.0,0.0,232.0,164.0,102.0,33.37,68.0,73.0
1.0,61.0,2.0,1.0,15.0,0.0,0.0,0.0,0.0,204.0,120.0,80.0,25.71,80.0,83.0
0.0,45.0,3.0,1.0,10.0,0.0,0.0,0.0,0.0,210.0,121.0,82.0,23.08,85.0,71.0
0.0,52.0,3.0,0.0,0.0,0.0,0.0,0.0,0.0,325.0,119.5,86.0,24.56,64.0,77.0
0.0,56.0,1.0,1.0,40.0,0.0,0.0,1.0,0.0,214.0,147.0,65.0,17.68,110.0,87.0
0.0,59.0,1.0,0.0,0.0,0.0,0.0,1.0,0.0,240.0,155.5,100.5,33.54,72.0,116.0
1.0,56.0,2.0,1.0,20.0,0.0,0.0,1.0,0.0,205.0,210.0,130.0,25.49,95.0,127.0
0.0,60.0,3.0,0.0,0.0,0.0,0.0,0.0,0.0,328.0,127.0,70.0,22.36,75.0,63.0
0.0,65.0,1.0,0.0,0.0,0.0,1.0,1.0,0.0,290.0,144.0,64.0,21.41,58.0,145.0
1.0,50.0,4.0,1.0,20.0,0.0,0.0,1.0,0.0,261.0,180.0,100.0,25.9,92.0,66.0
1.0,67.0,3.0,0.0,0.0,0.0,0.0,0.0,0.0,250.0,120.0,83.0,22.36,65.0,78.0
0.0,58.0,2.0,0.0,0.0,0.0,0.0,1.0,1.0,240.0,150.0,80.0,26.45,66.0,255.0
1.0,57.0,1.0,1.0,20.0,0.0,0.0,0.0,0.0,260.0,123.0,73.0,27.51,65.0,83.0
1.0,44.0,1.0,1.0,40.0,0.0,0.0,1.0,0.0,312.0,157.0,97.0,29.91,85.0,74.0
0.0,63.0,4.0,0.0,0.0,0.0,0.0,1.0,0.0,263.0,150.0,96.5,24.85,72.0,75.0
1.0,60.0,4.0,0.0,0.0,0.0,0.0,0.0,0.0,280.0,114.0,82.0,23.96,70.0,84.0
0.0,63.0,1.0,0.0,0.0,0.0,1.0,1.0,0.0,273.0,152.0,70.0,19.69,80.0,79.0
1.0,51.0,3.0,0.0,0.0,0.0,0.0,1.0,0.0,268.0,206.0,116.0,26.35,98.0,70.0
0.0,49.0,1.0,0.0,0.0,0.0,0.0,0.0,0.0,225.0,115.5,72.5,21.83,69.0,79.0
1.0,65.0,1.0,1.0,15.0,0.0,0.0,1.0,0.0,219.0,148.0,90.0,29.35,77.0,97.0
0.0,58.0,3.0,0.0,0.0,0.0,0.0,1.0,0.0,241.0,143.5,85.5,23.96,96.0,89.0
0.0,56.0,2.0,0.0,0.0,0.0,0.0,0.0,0.0,220.0,126.5,74.5,28.3,82.0,80.0
0.0,43.0,2.0,0.0,0.0,0.0,0.0,0.0,0.0,202.0,121.5,86.5,20.82,92.0,77.0
1.0,44.0,1.0,1.0,15.0,0.0,0.0,1.0,0.0,232.0,141.0,104.0,27.38,75.0,77.0
0.0,52.0,1.0,0.0,0.0,0.0,0.0,0.0,0.0,235.0,129.5,83.0,28.86,65.0,79.0
0.0,56.0,4.0,0.0,0.0,0.0,0.0,1.0,0.0,246.0,136.0,87.0,26.21,80.0,72.0
1.0,53.0,1.0,0.0,0.0,0.0,0.0,0.0,0.0,235.0,130.0,80.0,28.15,84.0,78.0
1.0,52.0,2.0,0.0,0.0,0.0,0.0,0.0,0.0,310.0,135.0,89.0,29.51,64.0,74.0
1.0,62.0,1.0,1.0,10.0,0.0,0.0,0.0,0.0,157.0,134.0,84.0,25.95,105.0,76.0
0.0,61.0,1.0,0.0,0.0,1.0,0.0,1.0,1.0,265.0,200.0,125.0,29.5,68.0,256.0
1.0,54.0,2.0,1.0,20.0,0.0,0.0,0.0,0.0,261.0,117.0,74.0,20.88,80.0,77.0
0.0,57.0,1.0,1.0,1.0,0.0,0.0,1.0,0.0,254.0,146.5,81.0,41.61,72.0,85.0
0.0,48.0,2.0,1.0,20.0,0.0,0.0,0.0,0.0,211.0,130.0,73.0,19.72,82.0,82.0
0.0,65.0,1.0,0.0,0.0,0.0,0.0,1.0,0.0,225.0,145.0,91.0,29.8,80.0,83.0
1.0,49.0,4.0,0.0,0.0,1.0,0.0,1.0,0.0,280.0,166.0,98.0,23.03,70.0,72.0
0.0,67.0,2.0,0.0,0.0,0.0,0.0,0.0,0.0,249.0,128.0,68.0,25.81,70.0,87.0
0.0,63.0,3.0,0.0,0.0,0.0,0.0,1.0,0.0,306.0,177.0,96.0,32.51,90.0,126.0
0.0,63.0,2.0,0.0,0.0,0.0,0.0,1.0,0.0,184.0,196.0,101.0,28.27,86.0,82.0
1.0,47.0,4.0,0.0,0.0,0.0,0.0,1.0,0.0,270.0,152.5,108.0,26.09,90.0,88.0
